'headings','words','POStags'
'% Change of Co-administered Drug Pharmacokinetic Parameters (90% CI)','%|Change|of|Co-administered|Drug|Pharmacokinetic|Parameters|(|90|%|CI|)','NN|NNP|IN|NNP|NNP|NNP|NNP|(|CD|NN|NN|)'
'AED Co-administered','AED|Co-administered','VBN|VBN'
'AED Coadministered','AED|Coadministered','VBN|VBN'
'AED Concentration','AED|Concentration','NNP|NNP'
'AEDCo-administered','AEDCo-administered','VBN'
'AEDConcentration','AEDConcentration','NN'
'AEDÂ  Co - administered','AEDÂ |Co|-|administered','NNP|NNP|HYPH|VBN'
'AEDÂ  Coadministered','AEDÂ |Coadministered','NN|VBN'
'AEDÂ  Concentration','AEDÂ |Concentration','NNP|NNP'
'AEDÂ Coadministered','AEDÂ Coadministered','VBN'
'AEDÂ Concentration','AEDÂ Concentration','NN'
'AUC','AUC','NN'
'AUC ofCoadministeredDrug (95% CI)','AUC|ofCoadministeredDrug|(|95|%|CI|)','NN|NN|(|CD|NN|NN|)'
'AUC ofCoadministeredDrug(90% CI)','AUC|ofCoadministeredDrug|(|90|%|CI|)','NN|NN|(|CD|NN|NN|)'
'AUC ofDidanosine(90% CI)','AUC|ofDidanosine|(|90|%|CI|)','NN|NN|(|CD|NN|NN|)'
'AUC ofDidanosine(95% CI)','AUC|ofDidanosine|(|95|%|CI|)','NN|NN|(|CD|NN|NN|)'
'AUC ofStavudineÂ (95% CI)','AUC|ofStavudineÂ |(|95|%|CI|)','NN|NN|(|CD|NN|NN|)'
'AUC ofÂ CoadministeredÂ  Â Drug(95% CI)','AUC|ofÂ CoadministeredÂ |Â Drug|(|95|%|CI|)','NN|NN|NN|(|CD|NN|NN|)'
'AUC(0-24h)(ng Ã— h/mL)','AUC|(|0-24h|)|(|ng|Ã—|h/mL|)','NN|(|JJ|)|(|NN|NN|NN|)'
'AUCSS(0â€“12h)(Extent of systemic exposure)','AUCSS|(|0â€“12h|)|(|Extent|of|systemic|exposure|)','NN|(|NN|)|(|NN|IN|JJ|NN|)'
'AUCss(0â€“12h) (Extent of systemic exposure)','AUCss|(|0â€“12h|)|(|Extent|of|systemic|exposure|)','NN|(|NN|)|(|NN|IN|JJ|NN|)'
'AUCÂ ','AUCÂ ','NN'
'Adjusted Dose','Adjusted|Dose','NNP|NNP'
'Alcohol','Alcohol','NN'
'Alpha-Blocker','Alpha-Blocker','NNP'
'Analgesics: Methadone*','Analgesics|:|Methadone*','NNS|:|NN'
'Anti-coagulant drugs','Anti-coagulant|drugs','JJ|NNS'
"'Antiarrhythmics: Amiodarone, disopyramide,Â lidocaine'","'Antiarrhythmics|:|Amiodarone|,|disopyramide|,|Â lidocaine'","'NNS|:|NN|,|NN|,|NN'"
'Antibiotics','Antibiotics','NNS'
'Antibiotics: Clarithromycin*','Antibiotics|:|Clarithromycin*','NNS|:|NN'
'AntibioticsÂ Â Â Â ','AntibioticsÂ Â Â Â ','NNP'
'Anticoagulants','Anticoagulants','NNS'
'Anticoagulants (oral) - Coumarin Derivatives - Indandione Derivatives','Anticoagulants|(|oral|)|-|Coumarin|Derivatives|-|Indandione|Derivatives','NNS|(|JJ|)|HYPH|NN|NNS|:|NN|NNS'
'Anticoagulants (oral)- Coumarin Derivatives- Indandione Derivatives','Anticoagulants|(|oral|)|-|Coumarin|Derivatives-|Indandione|Derivatives','NNS|(|JJ|)|HYPH|NN|NN|NN|NNS'
'Anticonvulsants','Anticonvulsants','NNS'
'AnticonvulsantsÂ ','AnticonvulsantsÂ ','NNP'
'Antiretroviral agents','Antiretroviral|agents','JJ|NNS'
'Antiretrovirals','Antiretrovirals','NNS'
'Benzodiazapines','Benzodiazapines','NNS'
'Beta-Blockers','Beta-Blockers','NNS'
'CLINICAL EFFECT(S)','CLINICAL|EFFECT|(|S|)','NN|NN|(|NN|)'
'CLINICAL EFFECT(S) Â Â Â Â Â Â Â ','CLINICAL|EFFECT|(|S|)|Â Â Â Â Â Â Â ','NN|NN|(|NN|)|.'
'CONCOMITANT Â DRUG','CONCOMITANT|Â DRUG','NN|NN'
'Caffeine/Xanthine Derivatives','Caffeine/Xanthine|Derivatives','NN|NNS'
'Cardiac Glycosides','Cardiac|Glycosides','JJ|NNS'
'Central Nervous System (CNS) Depressants','Central|Nervous|System|(|CNS|)|Depressants','JJ|JJ|NN|(|NN|)|NNS'
'Classes of Drugs','Classes|of|Drugs','NNS|IN|NNS'
'ClassesÂ ofÂ Drug','ClassesÂ ofÂ Drug','NN'
'ClassesÂ ofÂ Drugs','ClassesÂ ofÂ Drugs','NNS'
'Clinical Comment','Clinical|Comment','NNP|NNP'
'Clinical CommentÂ ','Clinical|CommentÂ ','NNP|NNP'
'Clinical Impact:','Clinical|Impact|:','NNP|NNP|:'
'Clinical Implications','Clinical|Implications','JJ|NNS'
'Clinical Rationale and Magnitude of Drug Interaction','Clinical|Rationale|and|Magnitude|of|Drug|Interaction','NNP|NNP|CC|NNP|IN|NNP|NNP'
'Clinical Recommendation','Clinical|Recommendation','JJ|NN'
'ClinicalÂ CommentÂ ','ClinicalÂ CommentÂ ','NNP'
'Cm a x','Cm|a|x','VB|DT|NN'
'Cmax','Cmax','NN'
'Cmax SS (Peak plasma concentration)','Cmax|SS|(|Peak|plasma|concentration|)','NN|NN|(|NN|NN|NN|)'
'Cmax ofCoadministeredDrug (95% CI)','Cmax|ofCoadministeredDrug|(|95|%|CI|)','NN|NN|(|CD|NN|NN|)'
'Cmax ofCoadministeredDrug(90% CI)','Cmax|ofCoadministeredDrug|(|90|%|CI|)','NN|NN|(|CD|NN|NN|)'
'Cmax ofDidanosine(90% CI)','Cmax|ofDidanosine|(|90|%|CI|)','NN|NN|(|CD|NN|NN|)'
'Cmax ofDidanosine(95% CI)','Cmax|ofDidanosine|(|95|%|CI|)','NN|NN|(|CD|NN|NN|)'
'Cmax ofÂ CoadministeredÂ  Â Drug(95% CI)','Cmax|ofÂ CoadministeredÂ |Â Drug|(|95|%|CI|)','NN|NN|NN|(|CD|NN|NN|)'
'Cmax ofÂ Stavudine(95% CI)','Cmax|ofÂ Stavudine|(|95|%|CI|)','NN|NN|(|CD|NN|NN|)'
'Cmax(ng/mL)','Cmax|(|ng/mL|)','NN|(|NN|)'
'CmaxSS(Peak plasma concentration)','CmaxSS|(|Peak|plasma|concentration|)','NN|(|NN|NN|NN|)'
'CmaxÂ ','CmaxÂ ','NN'
'Cmin','Cmin','NN'
'Co-administered Drug','Co-administered|Drug','NNP|NNP'
'Co-administered Drug Dose (Schedule)','Co-administered|Drug|Dose|(|Schedule|)','NNP|NNP|NNP|(|NNP|)'
'Co-administered DrugÂ ','Co-administered|DrugÂ ','JJ|NNP'
'Coadministered Drug','Coadministered|Drug','VBN|NN'
'Coadministered Drug Â ','Coadministered|Drug|Â ','NNP|NNP|.'
'Coadministered drug','Coadministered|drug','VBN|NN'
'CoadministeredÂ Drug','CoadministeredÂ Drug','NNP'
'Comments','Comments','NNS'
'Concomitant Drug','Concomitant|Drug','JJ|NN'
'Concomitant Drug Class or Food','Concomitant|Drug|Class|or|Food','NNP|NNP|NNP|CC|NNP'
'Concomitant Drug Class: Drug Name','Concomitant|Drug|Class|:|Drug|Name','NNP|NNP|NNP|NNP|NNP|NNP'
'Concomitant Drug Class:Drug Name','Concomitant|Drug|Class|:|Drug|Name','NNP|NNP|NNP|NNP|NNP|NNP'
'Concomitant Drug Class:Specific Drugs','Concomitant|Drug|Class|:|Specific|Drugs','NNP|NNP|NNP|:|JJ|NNS'
'Concomitant Drug Name or Drug Class','Concomitant|Drug|Name|or|Drug|Class','NNP|NNP|NNP|CC|NNP|NNP'
'Concomitant DrugÂ ','Concomitant|DrugÂ ','JJ|NN'
'ConcomitantÂ Drug','ConcomitantÂ Drug','NNP'
'Conjugated Estrogens','Conjugated|Estrogens','VBN|NNS'
'Conjugated Estrogens plus PROMETRIUM Capsules','Conjugated|Estrogens|plus|PROMETRIUM|Capsules','VBN|NNS|CC|NN|NNS'
'Conjugated Estrogens plus Progesterone Capsules','Conjugated|Estrogens|plus|Progesterone|Capsules','VBN|NNS|CC|NN|NNS'
'Corticosteroids','Corticosteroids','NNS'
'Cyclosporine','Cyclosporine','NN'
'DESCRIPTION OF INTERACTION','DESCRIPTION|OF|INTERACTION','NN|IN|NN'
'DISCRIPTION OF INTERACTION','DISCRIPTION|OF|INTERACTION','NN|IN|NN'
'Didanosine Dosage','Didanosine|Dosage','NNP|NNP'
'DidanosineDosage','DidanosineDosage','NN'
'Diluent','Diluent','NNP'
'Dosage Adjustment of Aripiprazole','Dosage|Adjustment|of|Aripiprazole','NN|NN|IN|NN'
'Dose Regimen of Immediate-Release Nevirapine','Dose|Regimen|of|Immediate-Release|Nevirapine','NN|NN|IN|NN|NN'
'Dose Regimen of Nevirapine','Dose|Regimen|of|Nevirapine','NN|NN|IN|NN'
'Dose of AED(mg/day)','Dose|of|AED|(|mg/day|)','NN|IN|NN|(|NN|)'
'Dose of Azithromycin','Dose|of|Azithromycin','NN|IN|NN'
'Dose of CRIXIVAN (mg)','Dose|of|CRIXIVAN|(|mg|)','NN|IN|NN|(|NN|)'
'Dose of Co-administered Drug','Dose|of|Co-administered|Drug','NN|IN|NNP|NNP'
'Dose of Coadministered Drug','Dose|of|Coadministered|Drug','NN|IN|NNP|NNP'
'Dose of Coadministered drug (mg)','Dose|of|Coadministered|drug|(|mg|)','NN|IN|VBN|NN|(|NN|)'
'Dose/Schedule of Co-administered Drug','Dose/Schedule|of|Co-administered|Drug','NNP|IN|NNP|NNP'
'Dosing Recommendations','Dosing|Recommendations','VBG|NNS'
'Dosing Schedule','Dosing|Schedule','NNP|NNP'
'Dosing ScheduleÂ ','Dosing|ScheduleÂ ','NNP|NNP'
'DosingÂ Schedule','DosingÂ Schedule','NNP'
'Drug','Drug','NNP'
'Drug Class','Drug|Class','NNP|NNP'
'Drug Class: Drug Name','Drug|Class|:|Drug|Name','NNP|NNP|NNP|NNP|NNP'
"'Drug Interactions Associated with Increased Risk of Myopathy/Rhabdomyolysis (2.2, 4, 5.2, 7.1, 7.2, 7.3, 7.4, 12.3)'","'Drug|Interactions|Associated|with|Increased|Risk|of|Myopathy/Rhabdomyolysis|(|2.2|,|4|,|5.2|,|7.1|,|7.2|,|7.3|,|7.4|,|12.3|)'","'NN|NNS|VBN|IN|VBN|NN|IN|NN|(|CD|,|CD|,|CD|,|CD|,|CD|,|CD|,|CD|,|CD|)'"
"'Drug Interactions Associated with Increased Risk of Myopathy/Rhabdomyolysis (2.6, 5.1, 7, 12.3)'","'Drug|Interactions|Associated|with|Increased|Risk|of|Myopathy/Rhabdomyolysis|(|2.6|,|5.1|,|7|,|12.3|)'","'NN|NNS|VBN|IN|VBN|NN|IN|NN|(|CD|,|CD|,|CD|,|CD|)'"
'Drug Name','Drug|Name','NNP|NNP'
'Drug Name Â ','Drug|Name|Â ','NNP|NNP|.'
'Drug Plasma Exposure (Cmax and AUC?)','Drug|Plasma|Exposure|(|Cmax|and|AUC|?|)','NN|NN|NN|(|NN|CC|NN|.|)'
'Drug Plasma Exposure(Cmax and AUC?)','Drug|Plasma|Exposure|(|Cmax|and|AUC|?|)','NN|NN|NN|(|NN|CC|NN|.|)'
'Drug or Drug Class','Drug|or|Drug|Class','NNP|CC|NNP|NNP'
'Drug(s)','Drug|(|s|)','NN|(|NNS|)'
'Drug(s) Affecting Pharmacokinetics of CIPRO XR','Drug|(|s|)|Affecting|Pharmacokinetics|of|CIPRO|XR','NN|(|NNS|)|VBG|NNS|IN|NN|NN'
"'Drug(s) Affecting Pharmacokinetics of Ciprofloxacin Tablets, USP'","'Drug|(|s|)|Affecting|Pharmacokinetics|of|Ciprofloxacin|Tablets|,|USP'","'NN|(|NNS|)|VBG|NNS|IN|NN|NNS|,|NNP'"
"'Drug(s) with Pharmacokinetics Affected by KETEK(Mechanism of interaction, if known)'","'Drug|(|s|)|with|Pharmacokinetics|Affected|by|KETEK|(|Mechanism|of|interaction|,|if|known|)'","'NN|(|NNS|)|IN|NNS|VBN|IN|NN|(|NN|IN|NN|,|IN|VBN|)'"
'Drug/Drug Class(Mechanism of Interaction by Voriconazole)','Drug/Drug|Class|(|Mechanism|of|Interaction|by|Voriconazole|)','NN|NN|(|NN|IN|NN|IN|NN|)'
'Drug/Drug Class(Mechanism of Interaction by the Drug)','Drug/Drug|Class|(|Mechanism|of|Interaction|by|the|Drug|)','NN|NN|(|NN|IN|NN|IN|DT|NNP|)'
'Drug/Drug Class(Mechanism ofInteraction by Voriconazole)','Drug/Drug|Class|(|Mechanism|ofInteraction|by|Voriconazole|)','NN|NN|(|NN|NN|IN|NN|)'
'Drug/Drug Class(Mechanism ofInteraction by the Drug)','Drug/Drug|Class|(|Mechanism|ofInteraction|by|the|Drug|)','NN|NN|(|NN|NN|IN|DT|NNP|)'
'Drugs Known to Prolong QT Interval','Drugs|Known|to|Prolong|QT|Interval','NNP|NNP|TO|NNP|NNP|NNP'
'Drugs That Are Affected By KETEK','Drugs|That|Are|Affected|By|KETEK','NNS|WDT|VBP|VBN|IN|NN'
'Drugs That Interfere with Hemostasis','Drugs|That|Interfere|with|Hemostasis','NNS|DT|NNP|IN|NN'
'Drugs That May Increase the Risk of Hypoglycemia','Drugs|That|May|Increase|the|Risk|of|Hypoglycemia','NNP|NNP|NNP|NNP|DT|NN|IN|NN'
'Drugs That are Affected by CIPRO','Drugs|That|are|Affected|by|CIPRO','NNS|WDT|VBP|VBN|IN|NN'
'Drugs That are Affected by CIPRO IV','Drugs|That|are|Affected|by|CIPRO|IV','NNS|WDT|VBP|VBN|IN|NN|CD'
'Drugs That are Affected by Ciprofloxacin','Drugs|That|are|Affected|by|Ciprofloxacin','NNS|WDT|VBP|VBN|IN|NN'
"'Drugs That are Affected by Ciprofloxacin Tablets, USP'","'Drugs|That|are|Affected|by|Ciprofloxacin|Tablets|,|USP'","'NNS|WDT|VBP|VBN|IN|NN|NNS|,|NNP'"
"'Drugs known to prolong QT interval (e.g., Class IA and Class III anti-arrhythmic agents).'","'Drugs|known|to|prolong|QT|interval|(|e.g.|,|Class|IA|and|Class|III|anti-arrhythmic|agents|)|.'","'NNS|VBN|TO|VB|NN|NN|(|FW|,|NNP|NNP|CC|NN|CD|JJ|NNS|)|.'"
'Drugs that alter thyroid hormone secretion','Drugs|that|alter|thyroid|hormone|secretion','NNS|WDT|VBP|NN|NN|NN'
'Drugs that may alter T 4 and T 3 metabolism','Drugs|that|may|alter|T|4|and|T|3|metabolism','NNS|WDT|MD|VB|NN|CD|CC|NN|CD|NN'
"'Drugs that may alter T 4 and T 3 serum transport - but FT 4 concentration remains normal; and, therefore, the patient remains euthyroid'","'Drugs|that|may|alter|T|4|and|T|3|serum|transport|-|but|FT|4|concentration|remains|normal|;|and|,|therefore|,|the|patient|remains|euthyroid'","'NNS|WDT|MD|VB|NN|CD|CC|NN|CD|NN|NN|HYPH|CC|NN|CD|NN|VBZ|JJ|:|CC|,|RB|,|DT|NN|VBZ|JJ'"
'Drugs that may alter T4 and T3 metabolism','Drugs|that|may|alter|T4|and|T3|metabolism','NNS|WDT|MD|VB|NN|CC|NN|NN'
"'Drugs that may alter T4 and T3 serum transport- but FT4 concentration remains normal; and, therefore, the patient remains euthyroid'","'Drugs|that|may|alter|T4|and|T3|serum|transport-|but|FT4|concentration|remains|normal|;|and|,|therefore|,|the|patient|remains|euthyroid'","'NNS|WDT|MD|VB|NN|CC|NN|NN|NN|CC|NN|NN|VBZ|JJ|:|CC|,|RB|,|DT|NN|VBZ|JJ'"
'Drugs that may cause protein-binding site displacement','Drugs|that|may|cause|protein-binding|site|displacement','NNS|WDT|MD|VB|JJ|NN|NN'
'Drugs that may decrease','Drugs|that|may|decrease','NNS|WDT|MD|VB'
'Drugs that may decrease T 4 5' - deiodinase activity','Drugs|that|may|decrease|T|4|5|'|-|deiodinase|activity','NNS|WDT|MD|VB|NN|CD|CD|SYM|HYPH|NN|NN'
"'Drugs that may decrease T 4 absorption, which may result in hypothyroidism'","'Drugs|that|may|decrease|T|4|absorption|,|which|may|result|in|hypothyroidism'","'NNS|WDT|MD|VB|NN|CD|NN|,|WDT|MD|VB|IN|NN'"
'Drugs that may decrease T4 5'-deiodinase activity','Drugs|that|may|decrease|T4|5'-deiodinase|activity','NNS|WDT|MD|VB|NN|NN|NN'
"'Drugs that may decrease T4 absorption, which may result in hypothyroidism'","'Drugs|that|may|decrease|T4|absorption|,|which|may|result|in|hypothyroidism'","'NNS|WDT|MD|VB|NN|NN|,|WDT|MD|VB|IN|NN'"
'Drugs that may decrease serum TBG concentration','Drugs|that|may|decrease|serum|TBG|concentration','NNS|WDT|MD|VB|NN|NN|NN'
"'Drugs that may decrease thyroid hormone secretion, which may result in hypothyroidism'","'Drugs|that|may|decrease|thyroid|hormone|secretion|,|which|may|result|in|hypothyroidism'","'NNS|WDT|MD|VB|NN|NN|NN|,|WDT|MD|VB|IN|NN'"
"'Drugs that may decrease thyroid hormone secretion, which mayresult in hypothyroidism'","'Drugs|that|may|decrease|thyroid|hormone|secretion|,|which|mayresult|in|hypothyroidism'","'NNS|WDT|MD|VB|NN|NN|NN|,|WDT|VBP|IN|NN'"
'Drugs that may increase','Drugs|that|may|increase','NNS|WDT|MD|VB'
"'Drugs that may increase hepatic metabolism, which may result in hypothyroidism'","'Drugs|that|may|increase|hepatic|metabolism|,|which|may|result|in|hypothyroidism'","'NNS|WDT|MD|VB|JJ|NN|,|WDT|MD|VB|IN|NN'"
"'Drugs that may increase hepatic metabolism, whichmay resultin hypothyroidism'","'Drugs|that|may|increase|hepatic|metabolism|,|whichmay|resultin|hypothyroidism'","'NNS|WDT|MD|VB|JJ|NN|,|NN|NN|NN'"
'Drugs that may increase serum TBG concentration','Drugs|that|may|increase|serum|TBG|concentration','NNS|WDT|MD|VB|NN|NN|NN'
"'Drugs that may increase thyroid hormone secretion, which may result in hyperthyroidism'","'Drugs|that|may|increase|thyroid|hormone|secretion|,|which|may|result|in|hyperthyroidism'","'NNS|WDT|MD|VB|NN|NN|NN|,|WDT|MD|VB|IN|NN'"
"'Drugs that may increase thyroid hormone secretion, whichmay result in hyperthyroidism'","'Drugs|that|may|increase|thyroid|hormone|secretion|,|whichmay|result|in|hyperthyroidism'","'NNS|WDT|MD|VB|NN|NN|NN|,|WDT|VBP|IN|NN'"
"'Drugs that may reduce TSH secretion - the reduction is not sustained; therefore, hypothyroidism does not occur'","'Drugs|that|may|reduce|TSH|secretion|-|the|reduction|is|not|sustained|;|therefore|,|hypothyroidism|does|not|occur'","'NNS|WDT|MD|VB|NN|NN|HYPH|DT|NN|VBZ|RB|VBN|:|RB|,|NN|VBZ|RB|VB'"
"'Drugs that may reduce TSH secretion â€“the reduction is not sustained; therefore, hypothyroidism does not occur'","'Drugs|that|may|reduce|TSH|secretion|â€“the|reduction|is|not|sustained|;|therefore|,|hypothyroidism|does|not|occur'","'NNS|WDT|MD|VB|NN|NN|DT|NN|VBZ|RB|VBN|:|RB|,|NN|VBZ|RB|VB'"
"'Drugs that may reduce TSH secretionâ€“the reduction is not sustained; therefore, hypothyroidism does not occur'","'Drugs|that|may|reduce|TSH|secretionâ€“the|reduction|is|not|sustained|;|therefore|,|hypothyroidism|does|not|occur'","'NNS|WDT|MD|VB|NN|NN|NN|VBZ|RB|VBN|:|RB|,|NN|VBZ|RB|VB'"
'Drugs with a known interaction with colesevelam: Decrease in exposure of coadministered drug','Drugs|with|a|known|interaction|with|colesevelam|:|Decrease|in|exposure|of|coadministered|drug','NNS|IN|DT|JJ|NN|IN|NN|:|NN|IN|NN|IN|VBN|NN'
'Drugs with a known interaction with colesevelam:Decrease in exposure of coadministered drug','Drugs|with|a|known|interaction|with|colesevelam|:|Decrease|in|exposure|of|coadministered|drug','NNS|IN|DT|JJ|NN|IN|NN|:|NN|IN|NN|IN|VBN|NN'
'Drugs:','Drugs|:','NNS|:'
'EFFECT','EFFECT','NN'
'Effect','Effect','NN'
'Effect on Active Moiety (Risperidone + 9-Hydroxy-Risperidone (RatioChange relative to reference)Â ','Effect|on|Active|Moiety|(|Risperidone|+|9-Hydroxy-Risperidone|(|RatioChange|relative|to|reference|)|Â ','NN|IN|JJ|NN|(|NN|CC|NN|(|NN|JJ|TO|NN|)|.'
'Effect on Active Moiety(Risperidone + 9- Hydroxy-Risperidone (Ratio*)','Effect|on|Active|Moiety|(|Risperidone|+|9-|Hydroxy-Risperidone|(|Ratio*|)','NN|IN|JJ|NN|(|NN|SYM|CD|NN|(|NN|)'
'Effect on Concentration','Effect|on|Concentration','NN|IN|NN'
'Effect on Concentration of Atazanavir or Concomitant Drug','Effect|on|Concentration|of|Atazanavir|or|Concomitant|Drug','NN|IN|NN|IN|NN|CC|JJ|NN'
'Effect on Concentration of Etravirine or Concomitant Drug','Effect|on|Concentration|of|Etravirine|or|Concomitant|Drug','NN|IN|NN|IN|NN|CC|JJ|NN'
'Effect on Concentration of Lamotrigine or Concomitant Drug','Effect|on|Concentration|of|Lamotrigine|or|Concomitant|Drug','NN|IN|NN|IN|NN|CC|JJ|NN'
'Effect on Concentration of Nevirapine or Concomitant Drug','Effect|on|Concentration|of|Nevirapine|or|Concomitant|Drug','NN|IN|NN|IN|NN|CC|JJ|NN'
'Effect on Concentration of Rilpivirine or Concomitant Drug','Effect|on|Concentration|of|Rilpivirine|or|Concomitant|Drug','NN|IN|NN|IN|NN|CC|JJ|NN'
'Effect on Concentration of Ritonavir or Concomitant Drug','Effect|on|Concentration|of|Ritonavir|or|Concomitant|Drug','NN|IN|NN|IN|NN|CC|JJ|NN'
'Effect on Concentration of Â Â Nevirapine orÂ  Â Â Â Â Â Â Â Â Â Â Â Â Â Â Â Â Â Â Â Â Â Â Â Â Â Â Â Â Â Concomitant Drug','Effect|on|Concentration|of|Â Â Nevirapine|orÂ |Â Â Â Â Â Â Â Â Â Â Â Â Â Â Â Â Â Â Â Â Â Â Â Â Â Â Â Â Â Concomitant|Drug','NN|IN|NN|IN|NN|NN|NNP|NNP'
'Effect on concentration of Nevirapine or Concomitant drug','Effect|on|concentration|of|Nevirapine|or|Concomitant|drug','NN|IN|NN|IN|NN|CC|JJ|NN'
'Effect onConcentration of Saquinavir or Concomitant Drug','Effect|onConcentration|of|Saquinavir|or|Concomitant|Drug','NN|NN|IN|NN|CC|JJ|NN'
'Effect onConcentration ofLamotrigine orConcomitant Drug','Effect|onConcentration|ofLamotrigine|orConcomitant|Drug','NN|NN|NN|JJ|NNP'
'Effect**','Effect**','NNP'
'EffectÂ onÂ Active MoietyÂ (RisperidoneÂ +Â 9- Hydroxy-Â RisperidoneÂ (Ratio*)','EffectÂ onÂ Active|MoietyÂ |(|RisperidoneÂ +Â 9-|Hydroxy-Â RisperidoneÂ |(|Ratio*|)','JJ|NN|(|NN|NN|(|NN|)'
'EffectÂ onÂ ActiveMoiety(RisperidoneÂ +Â 9-Hydroxy-RisperidoneÂ (Ratio*)','EffectÂ onÂ ActiveMoiety|(|RisperidoneÂ +Â 9-Hydroxy-RisperidoneÂ |(|Ratio*|)','NN|(|NN|(|NN|)'
'EffectÂ onÂ ActiveMoietyÂ (RisperidoneÂ +Â 9-Hydroxy-Â RisperidoneÂ (Ratio*)','EffectÂ onÂ ActiveMoietyÂ |(|RisperidoneÂ +Â 9-Hydroxy-Â RisperidoneÂ |(|Ratio*|)','NN|(|NN|(|NN|)'
'EffectÂ onÂ ConcentrationÂ ofÂ LamotrigineÂ orÂ  ConcomitantÂ Drug','EffectÂ onÂ ConcentrationÂ ofÂ LamotrigineÂ orÂ |ConcomitantÂ Drug','NNP|NNP'
'Enzyme','Enzyme','NN'
'Enzyme (CYP2D6) Inhibitors','Enzyme|(|CYP2D6|)|Inhibitors','NN|(|NN|)|NNS'
'EnzymeÂ (CYP2D6) Inhibitors','EnzymeÂ |(|CYP2D6|)|Inhibitors','NN|(|NN|)|NNS'
'EnzymeÂ (CYP2D6)Inhibitors','EnzymeÂ |(|CYP2D6|)|Inhibitors','NN|(|NN|)|NNS'
'EnzymeÂ (CYP2D6)Â InhibitorsÂ ','EnzymeÂ |(|CYP2D6|)|Â InhibitorsÂ ','NN|(|NN|)|.'
'EnzymeÂ (CYP3A) Inhibitors','EnzymeÂ |(|CYP3A|)|Inhibitors','NN|(|NN|)|NNS'
'EnzymeÂ (CYP3A)Inhibitors','EnzymeÂ |(|CYP3A|)|Inhibitors','NN|(|NN|)|NNS'
'EnzymeÂ (CYP3A/Â PgPÂ inducers)Â Inducers','EnzymeÂ |(|CYP3A/Â PgPÂ inducers|)|Â Inducers','NN|(|NNS|)|NNS'
'Exposure','Exposure','NN'
'Factors','Factors','NNS'
'FactorsÂ ','FactorsÂ ','NNP'
'Females(n=14)','Females|(|n=14|)','NNS|(|NN|)'
'Glucocorticoids','Glucocorticoids','NNS'
'HIV Antiviral Agents','HIV|Antiviral|Agents','NN|JJ|NNS'
'HIV Antiviral Agents: Non-Nucleoside Reverse Transcriptase Inhibitors (NNRTIs)','HIV|Antiviral|Agents|:|Non-Nucleoside|Reverse|Transcriptase|Inhibitors|(|NNRTIs|)','NN|JJ|NNS|:|JJ|JJ|NN|NNS|(|NNS|)'
'HIV Antiviral Agents: Protease Inhibitors (PIs)','HIV|Antiviral|Agents|:|Protease|Inhibitors|(|PIs|)','NN|JJ|NNS|:|NN|NNS|(|NNS|)'
'HIV-1-Antiviral Agents: Nucleoside Reverse Transcriptase Inhibitors (NRTIs)','HIV-1-Antiviral|Agents|:|Nucleoside|Reverse|Transcriptase|Inhibitors|(|NRTIs|)','JJ|NNS|:|NN|JJ|NN|NNS|(|NNS|)'
'Hepatitis C Antiviral Agents','Hepatitis|C|Antiviral|Agents','NNP|NNP|NNP|NNPS'
'Hepatitis C Antiviral AgentsÂ Â ','Hepatitis|C|Antiviral|AgentsÂ Â ','NNP|NNP|NNP|NNP'
'Inducers','Inducers','NNS'
"'Influence of AED on MHD Concentration(Mean Change, 90% Confidence Interval)'","'Influence|of|AED|on|MHD|Concentration|(|Mean|Change|,|90|%|Confidence|Interval|)'","'NN|IN|NN|IN|NN|NN|(|NNP|NNP|,|CD|NN|NN|NN|)'"
"'Influence of Oxcarbazepine on AED Concentration(Mean Change, 90% Confidence Interval)'","'Influence|of|Oxcarbazepine|on|AED|Concentration|(|Mean|Change|,|90|%|Confidence|Interval|)'","'NN|IN|NN|IN|NNP|NNP|(|NNP|NNP|,|CD|NN|NN|NN|)'"
'Inhibitors','Inhibitors','NNS'
'Interacting Agents','Interacting|Agents','VBG|NNS'
'Interacting Drug','Interacting|Drug','NNP|NNP'
'Interacting DrugInteracting Drug','Interacting|DrugInteracting|Drug','VBG|NNP|NNP'
'InteractingÂ  AgentsÂ ','InteractingÂ |AgentsÂ ','NNP|NNP'
'InteractingÂ  Drug','InteractingÂ |Drug','NNP|NNP'
'InteractingÂ  DrugÂ ','InteractingÂ |DrugÂ ','NNP|NNP'
'InteractingÂ AgentsÂ ','InteractingÂ AgentsÂ ','NNP'
'InteractingÂ DrugÂ ','InteractingÂ DrugÂ ','NNP'
'Interaction','Interaction','NN'
'Interaction Drug','Interaction|Drug','NNP|NNP'
'InteractionInteraction','InteractionInteraction','NN'
'InteractionÂ ','InteractionÂ ','NNP'
'Known CYP2D6 Poor Metabolizers','Known|CYP2D6|Poor|Metabolizers','VBN|NN|NNP|NNP'
'Known CYP2D6 Poor Metabolizers and strong CYP3A4 inhibitors','Known|CYP2D6|Poor|Metabolizers|and|strong|CYP3A4|inhibitors','VBN|NN|NNP|NNP|CC|JJ|NN|NNS'
'Males(n=106)','Males|(|n=106|)','NNS|(|NN|)'
'Mean (SD) Noncompartmental Pharmacokinetic Parameters After Multiple Doses of 5 mg/day in Older Men','Mean|(|SD|)|Noncompartmental|Pharmacokinetic|Parameters|After|Multiple|Doses|of|5|mg/day|in|Older|Men','NN|(|NN|)|JJ|JJ|NNS|IN|JJ|NNS|IN|CD|NN|IN|NNP|NNP'
'Mean (SD) Pharmacokinetic Parameters in Healthy Young Subjects (n=15)','Mean|(|SD|)|Pharmacokinetic|Parameters|in|Healthy|Young|Subjects|(|n=15|)','NN|(|NN|)|JJ|NNS|IN|JJ|JJ|NNS|(|NN|)'
'Mean (Â± SD)','Mean|(|Â±|SD|)','NN|(|NNP|NNP|)'
'Mean AUC','Mean|AUC','NN|NN'
'Mean Cmax','Mean|Cmax','NN|NN'
'Methotrexate','Methotrexate','NNP'
'Miscellaneous','Miscellaneous','NNP'
'NSAIDs','NSAIDs','NNS'
'Name of the Concomitant Drug','Name|of|the|Concomitant|Drug','NN|IN|DT|NNP|NNP'
'Noted or anticipated Outcome','Noted|or|anticipated|Outcome','VBN|CC|VBN|NNP'
'OATP1B1 Inhibitors','OATP1B1|Inhibitors','NN|NNS'
'OATP1B1 and BCRP Substrate','OATP1B1|and|BCRP|Substrate','NN|CC|NN|NN'
'Oral antidiabetic drugs','Oral|antidiabetic|drugs','JJ|JJ|NNS'
'Oral drugs for which sevelamer did not alter the pharmacokinetics when administered concomitantly','Oral|drugs|for|which|sevelamer|did|not|alter|the|pharmacokinetics|when|administered|concomitantly','JJ|NNS|IN|WDT|NN|VBD|RB|VB|DT|NNS|WRB|VBN|RB'
'Oral drugs that are to be separated from Velphoro and meals','Oral|drugs|that|are|to|be|separated|from|Velphoro|and|meals','JJ|NNS|WDT|VBP|TO|VB|VBN|IN|NNP|CC|NNS'
'Oral drugs that have demonstrated interaction with sevelamer and are to be dosed separately from Renagel','Oral|drugs|that|have|demonstrated|interaction|with|sevelamer|and|are|to|be|dosed|separately|from|Renagel','JJ|NNS|WDT|VBP|VBN|NN|IN|NN|CC|VBP|TO|VB|VBN|RB|IN|NNP'
'Oral drugs that have demonstrated interaction with sevelamer and are to be dosed separately from Renvela','Oral|drugs|that|have|demonstrated|interaction|with|sevelamer|and|are|to|be|dosed|separately|from|Renvela','JJ|NNS|WDT|VBP|VBN|NN|IN|NN|CC|VBP|TO|VB|VBN|RB|IN|NNP'
'Oral drugs that have to be separated from Auryxia and meals','Oral|drugs|that|have|to|be|separated|from|Auryxia|and|meals','JJ|NNS|WDT|VBP|TO|VB|VBN|IN|NNP|CC|NNS'
'Oral drugs that have to be separated from Phoslyra','Oral|drugs|that|have|to|be|separated|from|Phoslyra','JJ|NNS|WDT|VBP|TO|VB|VBN|IN|NN'
'Oral drugs thathave demonstrated interaction with sevelamer and are to be dosed separately from Renvela','Oral|drugs|thathave|demonstrated|interaction|with|sevelamer|and|are|to|be|dosed|separately|from|Renvela','JJ|NNS|VBP|VBN|NN|IN|NN|CC|VBP|TO|VB|VBN|RB|IN|NNP'
'Other Agents','Other|Agents','JJ|NNS'
'Other Drugs / Â  Dietary Supplements','Other|Drugs|/|Â |Dietary|Supplements','JJ|NNS|SYM|NN|JJ|NNS'
'Other Drugs/Dietary Supplements Â ','Other|Drugs/Dietary|Supplements|Â ','JJ|NNP|NNPS|.'
'Oxcarbazepine Dose(mg/day)','Oxcarbazepine|Dose|(|mg/day|)','NN|NN|(|NN|)'
'Prescribing Recommendations','Prescribing|Recommendations','VBG|NNS'
'Prescribing Recommendations for LIPTRUZET','Prescribing|Recommendations|for|LIPTRUZET','VBG|NNS|IN|NN'
'PrescribingÂ  RecommendationsÂ ','PrescribingÂ |RecommendationsÂ ','NNP|NNP'
'PrescribingÂ RecommendationsÂ ','PrescribingÂ RecommendationsÂ ','NNP'
'PrescribingÂ RecommendationsÂ Â ','PrescribingÂ RecommendationsÂ Â ','NNP'
'Radiographic Agents','Radiographic|Agents','NNP|NNPS'
'Ratio (90% Confidence Interval) of Co-administered DrugPharmacokinetic Parameters with/withouttipranavir/ritonavir; No Effect = 1.00','Ratio|(|90|%|Confidence|Interval|)|of|Co-administered|DrugPharmacokinetic|Parameters|with/withouttipranavir/ritonavir|;|No|Effect|=|1.00','NN|(|CD|NN|NN|NN|)|IN|JJ|JJ|NNS|NN|:|DT|NN|SYM|CD'
'Ratio (90% Confidence Interval) of Tipranavir Pharmacokinetic Parameters with/withoutCo-administered Drug; No Effect = 1.00','Ratio|(|90|%|Confidence|Interval|)|of|Tipranavir|Pharmacokinetic|Parameters|with/withoutCo-administered|Drug|;|No|Effect|=|1.00','NN|(|CD|NN|NN|NN|)|IN|NN|JJ|NNS|JJ|NN|:|DT|NN|SYM|CD'
'Ratio (with/without CRIXIVAN) of Coadministered DrugPharmacokinetic Parameters (90% CI); No Effect = 1.00','Ratio|(|with/without|CRIXIVAN|)|of|Coadministered|DrugPharmacokinetic|Parameters|(|90|%|CI|)|;|No|Effect|=|1.00','NN|(|IN|NN|)|IN|VBN|JJ|NNS|(|CD|NN|NN|)|:|DT|NN|SYM|CD'
'Ratio (with/without azithromycin) of Coadministered Drug Pharmacokinetic Parameters (90% CI); No Effect = 1.00','Ratio|(|with/without|azithromycin|)|of|Coadministered|Drug|Pharmacokinetic|Parameters|(|90|%|CI|)|;|No|Effect|=|1.00','NN|(|IN|NN|)|IN|NNP|NNP|NNP|NNP|(|CD|NN|NN|)|:|DT|NN|SYM|CD'
'Ratio (with/without coadministered drug) of Azithromycin Pharmacokinetic Parameters (90% CI); No Effect = 1.00','Ratio|(|with/without|coadministered|drug|)|of|Azithromycin|Pharmacokinetic|Parameters|(|90|%|CI|)|;|No|Effect|=|1.00','NN|(|IN|VBN|NN|)|IN|NN|JJ|NNS|(|CD|NN|NN|)|:|DT|NN|SYM|CD'
'Ratio (with/without coadministered drug) of IndinavirPharmacokinetic Parameters (90% CI); No Effect = 1.00','Ratio|(|with/without|coadministered|drug|)|of|IndinavirPharmacokinetic|Parameters|(|90|%|CI|)|;|No|Effect|=|1.00','NN|(|IN|VBN|NN|)|IN|JJ|NNS|(|CD|NN|NN|)|:|DT|NN|SYM|CD'
'Recommendation','Recommendation','NN'
'Recommendation(Exposure)','Recommendation|(|Exposure|)','NN|(|NN|)'
'Recommendations for Drug Dosage Adjustment/Comments','Recommendations|for|Drug|Dosage|Adjustment/Comments','NNS|IN|NNP|NNP|NNP'
'Recommendations for DrugDosage Adjustment/Comments','Recommendations|for|DrugDosage|Adjustment/Comments','NNS|IN|NN|NNS'
'Recommendations for Voriconazole Dosage Adjustment/Comments','Recommendations|for|Voriconazole|Dosage|Adjustment/Comments','NNS|IN|NN|NN|NNS'
'Recommendations for VoriconazoleDosage Adjustment/Comments','Recommendations|for|VoriconazoleDosage|Adjustment/Comments','NNS|IN|NN|NNS'
'Recommendations forVoriconazole Dosage Adjustment/Comments','Recommendations|forVoriconazole|Dosage|Adjustment/Comments','NNS|NN|NN|NNS'
'Risperidone Dose Recommendation','Risperidone|Dose|Recommendation','NN|NN|NN'
'Risperidone Dose RecommendationÂ ','Risperidone|Dose|RecommendationÂ ','NN|NN|NN'
'RisperidoneÂ Dose Recommendation','RisperidoneÂ Dose|Recommendation','NN|NN'
'RisperidoneÂ DoseRecommendation','RisperidoneÂ DoseRecommendation','NN'
'Specific Drugs','Specific|Drugs','JJ|NNS'
'Specific Drugs Reported','Specific|Drugs|Reported','JJ|NNS|VBN'
'StavudineÂ  Dosage','StavudineÂ |Dosage','NNP|NNP'
"'Strong CYP3A4 Inducers (e.g., carbamazepine, rifampin)'","'Strong|CYP3A4|Inducers|(|e.g.|,|carbamazepine|,|rifampin|)'","'JJ|NN|NNS|(|FW|,|NN|,|NN|)'"
"'Strong CYP3A4 Inhibitors (e.g., itraconazole, clarithromycin) or strong CYP2D6 inhibitors (e.g., quinidine, fluoxetine, paroxetine)'","'Strong|CYP3A4|Inhibitors|(|e.g.|,|itraconazole|,|clarithromycin|)|or|strong|CYP2D6|inhibitors|(|e.g.|,|quinidine|,|fluoxetine|,|paroxetine|)'","'JJ|NN|NNS|(|FW|,|NN|,|NN|)|CC|JJ|NN|NNS|(|FW|,|NN|,|NN|,|NN|)'"
"'Strong CYP3A4 inhibitors (e.g., itraconazole, ketoconazole, posaconazole, voriconazole, erythromycin, clarithromycin, telithromycin, HIV protease inhibitors,boceprevir, telaprevir, nefazodone), gemfibrozil, cyclosporine, danazol'","'Strong|CYP3A4|inhibitors|(|e.g.|,|itraconazole|,|ketoconazole|,|posaconazole|,|voriconazole|,|erythromycin|,|clarithromycin|,|telithromycin|,|HIV|protease|inhibitors|,|boceprevir|,|telaprevir|,|nefazodone|)|,|gemfibrozil|,|cyclosporine|,|danazol'","'JJ|NN|NNS|(|FW|,|NN|,|NN|,|NN|,|NN|,|NN|,|NN|,|NN|,|NN|NN|NNS|,|NN|,|NN|,|NN|)|,|NN|,|NN|,|NN'"
"'StrongÂ CYP3A4Â inhibitorsÂ (e.g.,Â itraconazole,Â ketoconazole,Â posaconazole,Â voriconazole,Â erythromycin,Â clarithromycin,Â telithromycin,Â HIVÂ proteaseÂ inhibitors,Â boceprevir,Â telaprevir,Â nefazodone,Â cobicistatcontainingÂ products),Â gemfibrozil,Â cyclosporine,Â danazolÂ '","'StrongÂ CYP3A4Â inhibitorsÂ |(|e.g.|,|Â itraconazole|,|Â ketoconazole|,|Â posaconazole|,|Â voriconazole|,|Â erythromycin|,|Â clarithromycin|,|Â telithromycin|,|Â HIVÂ proteaseÂ inhibitors|,|Â boceprevir|,|Â telaprevir|,|Â nefazodone|,|Â cobicistatcontainingÂ products|)|,|Â gemfibrozil|,|Â cyclosporine|,|Â danazolÂ '","'NN|(|FW|,|NN|,|NN|,|NN|,|NN|,|NN|,|NN|,|NN|,|NNS|,|NN|,|NN|,|NN|,|NNS|)|,|NN|,|NN|,|.'"
'Sympathomimetics','Sympathomimetics','NNS'
'TOPAMAX Concentration','TOPAMAX|Concentration','NN|NN'
'Tmax(hr)','Tmax|(|hr|)','NN|(|NN|)'
'Topiramate Concentration','Topiramate|Concentration','NNP|NNP'
'TopiramateConcentration','TopiramateConcentration','NN'
'TopiramateÂ  Concentration','TopiramateÂ |Concentration','NNP|NNP'
'TopiramateÂ Concentration','TopiramateÂ Concentration','NN'
'Type Of Interaction','Type|Of|Interaction','NN|IN|NN'
'Type of Interaction','Type|of|Interaction','NN|IN|NN'
'Vardenafil 10 mgPlacebo-subtracted','Vardenafil|10|mgPlacebo-subtracted','NNP|CD|JJ'
'Vardenafil 20 mgPlacebo-subtracted','Vardenafil|20|mgPlacebo-subtracted','NNP|CD|JJ'
'Vardenafil10 mgPlacebo-Subtracted','Vardenafil10|mgPlacebo-Subtracted','NN|JJ'
'Vardenafil20 mgPlacebo-Subtracted','Vardenafil20|mgPlacebo-Subtracted','NN|JJ'
'Voriconazole Plasma Exposure (Cmax and AUC? after 200 mg q12h)','Voriconazole|Plasma|Exposure|(|Cmax|and|AUC|?|after|200|mg|q12h|)','NN|NN|NN|(|NN|CC|NN|.|IN|CD|NN|NN|)'
'Voriconazole Plasma Exposure(Cmax and AUC? after 200 mg q12h)','Voriconazole|Plasma|Exposure|(|Cmax|and|AUC|?|after|200|mg|q12h|)','NN|NN|NN|(|NN|CC|NN|.|IN|CD|NN|NN|)'
'Voriconazole Plasma Exposure(Cmax and AUC? after200 mg Q12h)','Voriconazole|Plasma|Exposure|(|Cmax|and|AUC|?|after200|mg|Q12h|)','NN|NN|NN|(|NN|CC|NN|.|CD|NN|NN|)'
'Voriconazole PlasmaExposure(Cmax and AUC? after200 mg q12h)','Voriconazole|PlasmaExposure|(|Cmax|and|AUC|?|after200|mg|q12h|)','NN|NN|(|NN|CC|NN|.|CD|NN|NN|)'
'blood dyscrasias - see cancer collagen vascular disease congestive heart failureCONTRAINDICATIONS','blood|dyscrasias|-|see|cancer|collagen|vascular|disease|congestive|heart|failureCONTRAINDICATIONS','NN|NNS|HYPH|VBP|NN|NN|JJ|NN|JJ|NN|NNS'
'blood dyscrasias - seeCONTRAINDICATIONS cancercollagen vascular diseasecongestive heart failure','blood|dyscrasias|-|seeCONTRAINDICATIONS|cancercollagen|vascular|diseasecongestive|heart|failure','NN|NNS|HYPH|NN|NN|JJ|JJ|NN|NN'
'blood dyscrasias -Â Â see CONTRAINDICATIONS cancercollagen vascular diseasecongestive heart failure','blood|dyscrasias|-Â Â see|CONTRAINDICATIONS|cancercollagen|vascular|diseasecongestive|heart|failure','NN|NNS|VBP|NN|NN|JJ|JJ|NN|NN'
'edema hereditary coumarin resistance hyperlipemia','edema|hereditary|coumarin|resistance|hyperlipemia','NN|JJ|NN|NN|NN'
'edemahereditary coumarin resistancehyperlipemia','edemahereditary|coumarin|resistancehyperlipemia','JJ|NN|NN'
'n','n','NN'
'serum TBG concentration','serum|TBG|concentration','NN|NN|NN'